21:27;id0;name0 
21:27;id1;name1 
21:27;id2;name2 
21:27;id3;name3 
21:27;id4;name4 
21:27;id5;name5 
21:27;id6;name6 
21:27;id7;name7 
21:27;id8;name8 
21:27;id9;name9 
21:27;id10;name10 
21:27;id11;name11 
21:27;id12;name12 
21:27;id13;name13 
21:27;id14;name14 
21:27;id15;name15 
21:27;id16;name16 
21:27;id17;name17 
21:27;id18;name18 
21:27;id19;name19 
21:27;id20;name20 
21:27;id21;name21 
21:27;id22;name22 
21:27;id23;name23 
21:27;id24;name24 
21:27;id25;name25 
21:27;id26;name26 
21:27;id27;name27 
21:27;id28;name28 
21:27;id29;name29 
21:27;id30;name30 
21:27;id31;name31 
21:27;id32;name32 
21:27;id33;name33 
21:27;id34;name34 
21:27;id35;name35 
21:27;id36;name36 
21:27;id37;name37 
21:27;id38;name38 
21:27;id39;name39 
21:27;id40;name40 
21:27;id41;name41 
21:27;id42;name42 
21:27;id43;name43 
21:27;id44;name44 
21:27;id45;name45 
21:27;id46;name46 
21:27;id47;name47 
21:27;id48;name48 
21:27;id49;name49 
21:27;id50;name50 
21:27;id51;name51 
21:27;id52;name52 
21:27;id53;name53 
21:27;id54;name54 
21:27;id55;name55 
21:27;id56;name56 
21:27;id57;name57 
21:27;id58;name58 
21:27;id59;name59 
21:27;id60;name60 
21:27;id61;name61 
21:27;id62;name62 
21:27;id63;name63 
21:27;id64;name64 
21:27;id65;name65 
21:27;id66;name66 
21:27;id67;name67 
21:27;id68;name68 
21:27;id69;name69 
21:27;id70;name70 
21:27;id71;name71 
21:27;id72;name72 
21:27;id73;name73 
21:27;id74;name74 
21:27;id75;name75 
21:27;id76;name76 
21:27;id77;name77 
21:27;id78;name78 
21:27;id79;name79 
21:27;id80;name80 
21:27;id81;name81 
21:27;id82;name82 
21:27;id83;name83 
21:27;id84;name84 
21:27;id85;name85 
21:27;id86;name86 
21:27;id87;name87 
21:27;id88;name88 
21:27;id89;name89 
21:27;id90;name90 
21:27;id91;name91 
21:27;id92;name92 
21:27;id93;name93 
21:27;id94;name94 
21:27;id95;name95 
21:27;id96;name96 
21:27;id97;name97 
21:27;id98;name98 
21:27;id99;name99 
21:27;id100;name100 
21:27;id101;name101 
21:27;id102;name102 
21:27;id103;name103 
21:27;id104;name104 
21:27;id105;name105 
21:27;id106;name106 
21:27;id107;name107 
21:27;id108;name108 
21:27;id109;name109 
21:27;id110;name110 
21:27;id111;name111 
21:27;id112;name112 
21:27;id113;name113 
21:27;id114;name114 
21:27;id115;name115 
21:27;id116;name116 
21:27;id117;name117 
21:27;id118;name118 
21:27;id119;name119 
21:27;id120;name120 
21:27;id121;name121 
21:27;id122;name122 
21:27;id123;name123 
21:27;id124;name124 
21:27;id125;name125 
21:27;id126;name126 
21:27;id127;name127 
21:27;id128;name128 
21:27;id129;name129 
21:27;id130;name130 
21:27;id131;name131 
21:27;id132;name132 
21:27;id133;name133 
21:27;id134;name134 
21:27;id135;name135 
21:27;id136;name136 
21:27;id137;name137 
21:27;id138;name138 
21:27;id139;name139 
21:27;id140;name140 
21:27;id141;name141 
21:27;id142;name142 
21:27;id143;name143 
21:27;id144;name144 
21:27;id145;name145 
21:27;id146;name146 
21:27;id147;name147 
21:27;id148;name148 
21:27;id149;name149 
21:27;id150;name150 
21:27;id151;name151 
21:27;id152;name152 
21:27;id153;name153 
21:27;id154;name154 
21:27;id155;name155 
21:27;id156;name156 
21:27;id157;name157 
21:27;id158;name158 
21:27;id159;name159 
21:27;id160;name160 
21:27;id161;name161 
21:27;id162;name162 
21:27;id163;name163 
21:27;id164;name164 
21:27;id165;name165 
21:27;id166;name166 
21:27;id167;name167 
21:27;id168;name168 
21:27;id169;name169 
21:27;id170;name170 
21:27;id171;name171 
21:27;id172;name172 
21:27;id173;name173 
21:27;id174;name174 
21:27;id175;name175 
21:27;id176;name176 
21:27;id177;name177 
21:27;id178;name178 
21:27;id179;name179 
21:27;id180;name180 
21:27;id181;name181 
21:27;id182;name182 
21:27;id183;name183 
21:27;id184;name184 
21:27;id185;name185 
21:27;id186;name186 
21:27;id187;name187 
21:27;id188;name188 
21:27;id189;name189 
21:27;id190;name190 
21:27;id191;name191 
21:27;id192;name192 
21:27;id193;name193 
21:27;id194;name194 
21:27;id195;name195 
21:27;id196;name196 
21:27;id197;name197 
21:27;id198;name198 
21:27;id199;name199 
21:27;id200;name200 
21:27;id201;name201 
21:27;id202;name202 
21:27;id203;name203 
21:27;id204;name204 
21:27;id205;name205 
21:27;id206;name206 
21:27;id207;name207 
21:27;id208;name208 
21:27;id209;name209 
21:27;id210;name210 
21:27;id211;name211 
21:27;id212;name212 
21:27;id213;name213 
21:27;id214;name214 
21:27;id215;name215 
21:27;id216;name216 
21:27;id217;name217 
21:27;id218;name218 
21:27;id219;name219 
21:27;id220;name220 
21:27;id221;name221 
21:27;id222;name222 
21:27;id223;name223 
21:27;id224;name224 
21:27;id225;name225 
21:27;id226;name226 
21:27;id227;name227 
21:27;id228;name228 
21:27;id229;name229 
21:27;id230;name230 
21:27;id231;name231 
21:27;id232;name232 
21:27;id233;name233 
21:27;id234;name234 
21:27;id235;name235 
21:27;id236;name236 
21:27;id237;name237 
21:27;id238;name238 
21:27;id239;name239 
21:27;id240;name240 
21:27;id241;name241 
21:27;id242;name242 
21:27;id243;name243 
21:27;id244;name244 
21:27;id245;name245 
21:27;id246;name246 
21:27;id247;name247 
21:27;id248;name248 
21:27;id249;name249 
21:27;id250;name250 
21:27;id251;name251 
21:27;id252;name252 
21:27;id253;name253 
21:27;id254;name254 
21:27;id255;name255 
21:27;id256;name256 
21:27;id257;name257 
21:27;id258;name258 
21:27;id259;name259 
21:27;id260;name260 
21:27;id261;name261 
21:27;id262;name262 
21:27;id263;name263 
21:27;id264;name264 
21:27;id265;name265 
21:27;id266;name266 
21:27;id267;name267 
21:27;id268;name268 
21:27;id269;name269 
21:27;id270;name270 
21:27;id271;name271 
21:27;id272;name272 
21:27;id273;name273 
21:27;id274;name274 
21:27;id275;name275 
21:27;id276;name276 
21:27;id277;name277 
21:27;id278;name278 
21:27;id279;name279 
21:27;id280;name280 
21:27;id281;name281 
21:27;id282;name282 
21:27;id283;name283 
21:27;id284;name284 
21:27;id285;name285 
21:27;id286;name286 
21:27;id287;name287 
21:27;id288;name288 
21:27;id289;name289 
21:27;id290;name290 
21:27;id291;name291 
21:27;id292;name292 
21:27;id293;name293 
21:27;id294;name294 
21:27;id295;name295 
21:27;id296;name296 
21:27;id297;name297 
21:27;id298;name298 
21:27;id299;name299 
21:27;id300;name300 
21:27;id301;name301 
21:27;id302;name302 
21:27;id303;name303 
21:27;id304;name304 
21:27;id305;name305 
21:27;id306;name306 
21:27;id307;name307 
21:27;id308;name308 
21:27;id309;name309 
21:27;id310;name310 
21:27;id311;name311 
21:27;id312;name312 
21:27;id313;name313 
21:27;id314;name314 
21:27;id315;name315 
21:27;id316;name316 
21:27;id317;name317 
21:27;id318;name318 
21:27;id319;name319 
21:27;id320;name320 
21:27;id321;name321 
21:27;id322;name322 
21:27;id323;name323 
21:27;id324;name324 
21:27;id325;name325 
21:27;id326;name326 
21:27;id327;name327 
21:27;id328;name328 
21:27;id329;name329 
21:27;id330;name330 
21:27;id331;name331 
21:27;id332;name332 
21:27;id333;name333 
21:27;id334;name334 
21:27;id335;name335 
21:27;id336;name336 
21:27;id337;name337 
21:27;id338;name338 
21:27;id339;name339 
21:27;id340;name340 
21:27;id341;name341 
21:27;id342;name342 
21:27;id343;name343 
21:27;id344;name344 
21:27;id345;name345 
21:27;id346;name346 
21:27;id347;name347 
21:27;id348;name348 
21:27;id349;name349 
21:27;id350;name350 
21:27;id351;name351 
21:27;id352;name352 
21:27;id353;name353 
21:27;id354;name354 
21:27;id355;name355 
21:27;id356;name356 
21:27;id357;name357 
21:27;id358;name358 
21:27;id359;name359 
21:27;id360;name360 
21:27;id361;name361 
21:27;id362;name362 
21:27;id363;name363 
21:27;id364;name364 
21:27;id365;name365 
21:27;id366;name366 
21:27;id367;name367 
21:27;id368;name368 
21:27;id369;name369 
21:27;id370;name370 
21:27;id371;name371 
21:27;id372;name372 
21:27;id373;name373 
21:27;id374;name374 
21:27;id375;name375 
21:27;id376;name376 
21:27;id377;name377 
21:27;id378;name378 
21:27;id379;name379 
21:27;id380;name380 
21:27;id381;name381 
21:27;id382;name382 
21:27;id383;name383 
21:27;id384;name384 
21:27;id385;name385 
21:27;id386;name386 
21:27;id387;name387 
21:27;id388;name388 
21:27;id389;name389 
21:27;id390;name390 
21:27;id391;name391 
21:27;id392;name392 
21:27;id393;name393 
21:27;id394;name394 
21:27;id395;name395 
21:27;id396;name396 
21:27;id397;name397 
21:27;id398;name398 
21:27;id399;name399 
21:27;id400;name400 
21:27;id401;name401 
21:27;id402;name402 
21:27;id403;name403 
21:27;id404;name404 
21:27;id405;name405 
21:27;id406;name406 
21:27;id407;name407 
21:27;id408;name408 
21:27;id409;name409 
21:27;id410;name410 
21:27;id411;name411 
21:27;id412;name412 
21:27;id413;name413 
21:27;id414;name414 
21:27;id415;name415 
21:27;id416;name416 
21:27;id417;name417 
21:27;id418;name418 
21:27;id419;name419 
21:27;id420;name420 
21:27;id421;name421 
21:27;id422;name422 
21:27;id423;name423 
21:27;id424;name424 
21:27;id425;name425 
21:27;id426;name426 
21:27;id427;name427 
21:27;id428;name428 
21:27;id429;name429 
21:27;id430;name430 
21:27;id431;name431 
21:27;id432;name432 
21:27;id433;name433 
21:27;id434;name434 
21:27;id435;name435 
21:27;id436;name436 
21:27;id437;name437 
21:27;id438;name438 
21:27;id439;name439 
21:27;id440;name440 
21:27;id441;name441 
21:27;id442;name442 
21:27;id443;name443 
21:27;id444;name444 
21:27;id445;name445 
21:27;id446;name446 
21:27;id447;name447 
21:27;id448;name448 
21:27;id449;name449 
21:27;id450;name450 
21:27;id451;name451 
21:27;id452;name452 
21:27;id453;name453 
21:27;id454;name454 
21:27;id455;name455 
21:27;id456;name456 
21:27;id457;name457 
21:27;id458;name458 
21:27;id459;name459 
21:27;id460;name460 
21:27;id461;name461 
21:27;id462;name462 
21:27;id463;name463 
21:27;id464;name464 
21:27;id465;name465 
21:27;id466;name466 
21:27;id467;name467 
21:27;id468;name468 
21:27;id469;name469 
21:27;id470;name470 
21:27;id471;name471 
21:27;id472;name472 
21:27;id473;name473 
21:27;id474;name474 
21:27;id475;name475 
21:27;id476;name476 
21:27;id477;name477 
21:27;id478;name478 
21:27;id479;name479 
21:27;id480;name480 
21:27;id481;name481 
21:27;id482;name482 
21:27;id483;name483 
21:27;id484;name484 
21:27;id485;name485 
21:27;id486;name486 
21:27;id487;name487 
21:27;id488;name488 
21:27;id489;name489 
21:27;id490;name490 
21:27;id491;name491 
21:27;id492;name492 
21:27;id493;name493 
21:27;id494;name494 
21:27;id495;name495 
21:27;id496;name496 
21:27;id497;name497 
21:27;id498;name498 
21:27;id499;name499 
21:27;id500;name500 
21:27;id501;name501 
21:27;id502;name502 
21:27;id503;name503 
21:27;id504;name504 
21:27;id505;name505 
21:27;id506;name506 
21:27;id507;name507 
21:27;id508;name508 
21:27;id509;name509 
21:27;id510;name510 
21:27;id511;name511 
21:27;id512;name512 
21:27;id513;name513 
21:27;id514;name514 
21:27;id515;name515 
21:27;id516;name516 
21:27;id517;name517 
21:27;id518;name518 
21:27;id519;name519 
21:27;id520;name520 
21:27;id521;name521 
21:27;id522;name522 
21:27;id523;name523 
21:27;id524;name524 
21:27;id525;name525 
21:27;id526;name526 
21:27;id527;name527 
21:27;id528;name528 
21:27;id529;name529 
21:27;id530;name530 
21:27;id531;name531 
21:27;id532;name532 
21:27;id533;name533 
21:27;id534;name534 
21:27;id535;name535 
21:27;id536;name536 
21:27;id537;name537 
21:27;id538;name538 
21:27;id539;name539 
21:27;id540;name540 
21:27;id541;name541 
21:27;id542;name542 
21:27;id543;name543 
21:27;id544;name544 
21:27;id545;name545 
21:27;id546;name546 
21:27;id547;name547 
21:27;id548;name548 
21:27;id549;name549 
21:27;id550;name550 
21:27;id551;name551 
21:27;id552;name552 
21:27;id553;name553 
21:27;id554;name554 
21:27;id555;name555 
21:27;id556;name556 
21:27;id557;name557 
21:27;id558;name558 
21:27;id559;name559 
21:27;id560;name560 
21:27;id561;name561 
21:27;id562;name562 
21:27;id563;name563 
21:27;id564;name564 
21:27;id565;name565 
21:27;id566;name566 
21:27;id567;name567 
21:27;id568;name568 
21:27;id569;name569 
21:27;id570;name570 
21:27;id571;name571 
21:27;id572;name572 
21:27;id573;name573 
21:27;id574;name574 
21:27;id575;name575 
21:27;id576;name576 
21:27;id577;name577 
21:27;id578;name578 
21:27;id579;name579 
21:27;id580;name580 
21:27;id581;name581 
21:27;id582;name582 
21:27;id583;name583 
21:27;id584;name584 
21:27;id585;name585 
21:27;id586;name586 
21:27;id587;name587 
21:27;id588;name588 
21:27;id589;name589 
21:27;id590;name590 
21:27;id591;name591 
21:27;id592;name592 
21:27;id593;name593 
21:27;id594;name594 
21:27;id595;name595 
21:27;id596;name596 
21:27;id597;name597 
21:27;id598;name598 
21:27;id599;name599 
21:27;id600;name600 
21:27;id601;name601 
21:27;id602;name602 
21:27;id603;name603 
21:27;id604;name604 
21:27;id605;name605 
21:27;id606;name606 
21:27;id607;name607 
21:27;id608;name608 
21:27;id609;name609 
21:27;id610;name610 
21:27;id611;name611 
21:27;id612;name612 
21:27;id613;name613 
21:27;id614;name614 
21:27;id615;name615 
21:27;id616;name616 
21:27;id617;name617 
21:27;id618;name618 
21:27;id619;name619 
21:27;id620;name620 
21:27;id621;name621 
21:27;id622;name622 
21:27;id623;name623 
21:27;id624;name624 
21:27;id625;name625 
21:27;id626;name626 
21:27;id627;name627 
21:27;id628;name628 
21:27;id629;name629 
21:27;id630;name630 
21:27;id631;name631 
21:27;id632;name632 
21:27;id633;name633 
21:27;id634;name634 
21:27;id635;name635 
21:27;id636;name636 
21:27;id637;name637 
21:27;id638;name638 
21:27;id639;name639 
21:27;id640;name640 
21:27;id641;name641 
21:27;id642;name642 
21:27;id643;name643 
21:27;id644;name644 
21:27;id645;name645 
21:27;id646;name646 
21:27;id647;name647 
21:27;id648;name648 
21:27;id649;name649 
21:27;id650;name650 
21:27;id651;name651 
21:27;id652;name652 
21:27;id653;name653 
21:27;id654;name654 
21:27;id655;name655 
21:27;id656;name656 
21:27;id657;name657 
21:27;id658;name658 
21:27;id659;name659 
21:27;id660;name660 
21:27;id661;name661 
21:27;id662;name662 
21:27;id663;name663 
21:27;id664;name664 
21:27;id665;name665 
21:27;id666;name666 
21:27;id667;name667 
21:27;id668;name668 
21:27;id669;name669 
21:27;id670;name670 
21:27;id671;name671 
21:27;id672;name672 
21:27;id673;name673 
21:27;id674;name674 
21:27;id675;name675 
21:27;id676;name676 
21:27;id677;name677 
21:27;id678;name678 
21:27;id679;name679 
21:27;id680;name680 
21:27;id681;name681 
21:27;id682;name682 
21:27;id683;name683 
21:27;id684;name684 
21:27;id685;name685 
21:27;id686;name686 
21:27;id687;name687 
21:27;id688;name688 
21:27;id689;name689 
21:27;id690;name690 
21:27;id691;name691 
21:27;id692;name692 
21:27;id693;name693 
21:27;id694;name694 
21:27;id695;name695 
21:27;id696;name696 
21:27;id697;name697 
21:27;id698;name698 
21:27;id699;name699 
21:27;id700;name700 
21:27;id701;name701 
21:27;id702;name702 
21:27;id703;name703 
21:27;id704;name704 
21:27;id705;name705 
21:27;id706;name706 
21:27;id707;name707 
21:27;id708;name708 
21:27;id709;name709 
21:27;id710;name710 
21:27;id711;name711 
21:27;id712;name712 
21:27;id713;name713 
21:27;id714;name714 
21:27;id715;name715 
21:27;id716;name716 
21:27;id717;name717 
21:27;id718;name718 
21:27;id719;name719 
21:27;id720;name720 
21:27;id721;name721 
21:27;id722;name722 
21:27;id723;name723 
21:27;id724;name724 
21:27;id725;name725 
21:27;id726;name726 
21:27;id727;name727 
21:27;id728;name728 
21:27;id729;name729 
21:27;id730;name730 
21:27;id731;name731 
21:27;id732;name732 
21:27;id733;name733 
21:27;id734;name734 
21:27;id735;name735 
21:27;id736;name736 
21:27;id737;name737 
21:27;id738;name738 
21:27;id739;name739 
21:27;id740;name740 
21:27;id741;name741 
21:27;id742;name742 
21:27;id743;name743 
21:27;id744;name744 
21:27;id745;name745 
21:27;id746;name746 
21:27;id747;name747 
21:27;id748;name748 
21:27;id749;name749 
21:27;id750;name750 
21:27;id751;name751 
21:27;id752;name752 
21:27;id753;name753 
21:27;id754;name754 
21:27;id755;name755 
21:27;id756;name756 
21:27;id757;name757 
21:27;id758;name758 
21:27;id759;name759 
21:27;id760;name760 
21:27;id761;name761 
21:27;id762;name762 
21:27;id763;name763 
21:27;id764;name764 
21:27;id765;name765 
21:27;id766;name766 
21:27;id767;name767 
21:27;id768;name768 
21:27;id769;name769 
21:27;id770;name770 
21:27;id771;name771 
21:27;id772;name772 
21:27;id773;name773 
21:27;id774;name774 
21:27;id775;name775 
21:27;id776;name776 
21:27;id777;name777 
21:27;id778;name778 
21:27;id779;name779 
21:27;id780;name780 
21:27;id781;name781 
21:27;id782;name782 
21:27;id783;name783 
21:27;id784;name784 
21:27;id785;name785 
21:27;id786;name786 
21:27;id787;name787 
21:27;id788;name788 
21:27;id789;name789 
21:27;id790;name790 
21:27;id791;name791 
21:27;id792;name792 
21:27;id793;name793 
21:27;id794;name794 
21:27;id795;name795 
21:27;id796;name796 
21:27;id797;name797 
21:27;id798;name798 
21:27;id799;name799 
21:27;id800;name800 
21:27;id801;name801 
21:27;id802;name802 
21:27;id803;name803 
21:27;id804;name804 
21:27;id805;name805 
21:27;id806;name806 
21:27;id807;name807 
21:27;id808;name808 
21:27;id809;name809 
21:27;id810;name810 
21:27;id811;name811 
21:27;id812;name812 
21:27;id813;name813 
21:27;id814;name814 
21:27;id815;name815 
21:27;id816;name816 
21:27;id817;name817 
21:27;id818;name818 
21:27;id819;name819 
21:27;id820;name820 
21:27;id821;name821 
21:27;id822;name822 
21:27;id823;name823 
21:27;id824;name824 
21:27;id825;name825 
21:27;id826;name826 
21:27;id827;name827 
21:27;id828;name828 
21:27;id829;name829 
21:27;id830;name830 
21:27;id831;name831 
21:27;id832;name832 
21:27;id833;name833 
21:27;id834;name834 
21:27;id835;name835 
21:27;id836;name836 
21:27;id837;name837 
21:27;id838;name838 
21:27;id839;name839 
21:27;id840;name840 
21:27;id841;name841 
21:27;id842;name842 
21:27;id843;name843 
21:27;id844;name844 
21:27;id845;name845 
21:27;id846;name846 
21:27;id847;name847 
21:27;id848;name848 
21:27;id849;name849 
21:27;id850;name850 
21:27;id851;name851 
21:27;id852;name852 
21:27;id853;name853 
21:27;id854;name854 
21:27;id855;name855 
21:27;id856;name856 
21:27;id857;name857 
21:27;id858;name858 
21:27;id859;name859 
21:27;id860;name860 
21:27;id861;name861 
21:27;id862;name862 
21:27;id863;name863 
21:27;id864;name864 
21:27;id865;name865 
21:27;id866;name866 
21:27;id867;name867 
21:27;id868;name868 
21:27;id869;name869 
21:27;id870;name870 
21:27;id871;name871 
21:27;id872;name872 
21:27;id873;name873 
21:27;id874;name874 
21:27;id875;name875 
21:27;id876;name876 
21:27;id877;name877 
21:27;id878;name878 
21:27;id879;name879 
21:27;id880;name880 
21:27;id881;name881 
21:27;id882;name882 
21:27;id883;name883 
21:27;id884;name884 
21:27;id885;name885 
21:27;id886;name886 
21:27;id887;name887 
21:27;id888;name888 
21:27;id889;name889 
21:27;id890;name890 
21:27;id891;name891 
21:27;id892;name892 
21:27;id893;name893 
21:27;id894;name894 
21:27;id895;name895 
21:27;id896;name896 
21:27;id897;name897 
21:27;id898;name898 
21:27;id899;name899 
21:27;id900;name900 
21:27;id901;name901 
21:27;id902;name902 
21:27;id903;name903 
21:27;id904;name904 
21:27;id905;name905 
21:27;id906;name906 
21:27;id907;name907 
21:27;id908;name908 
21:27;id909;name909 
21:27;id910;name910 
21:27;id911;name911 
21:27;id912;name912 
21:27;id913;name913 
21:27;id914;name914 
21:27;id915;name915 
21:27;id916;name916 
21:27;id917;name917 
21:27;id918;name918 
21:27;id919;name919 
21:27;id920;name920 
21:27;id921;name921 
21:27;id922;name922 
21:27;id923;name923 
21:27;id924;name924 
21:27;id925;name925 
21:27;id926;name926 
21:27;id927;name927 
21:27;id928;name928 
21:27;id929;name929 
21:27;id930;name930 
21:27;id931;name931 
21:27;id932;name932 
21:27;id933;name933 
21:27;id934;name934 
21:27;id935;name935 
21:27;id936;name936 
21:27;id937;name937 
21:27;id938;name938 
21:27;id939;name939 
21:27;id940;name940 
21:27;id941;name941 
21:27;id942;name942 
21:27;id943;name943 
21:27;id944;name944 
21:27;id945;name945 
21:27;id946;name946 
21:27;id947;name947 
21:27;id948;name948 
21:27;id949;name949 
21:27;id950;name950 
21:27;id951;name951 
21:27;id952;name952 
21:27;id953;name953 
21:27;id954;name954 
21:27;id955;name955 
21:27;id956;name956 
21:27;id957;name957 
21:27;id958;name958 
21:27;id959;name959 
21:27;id960;name960 
21:27;id961;name961 
21:27;id962;name962 
21:27;id963;name963 
21:27;id964;name964 
21:27;id965;name965 
21:27;id966;name966 
21:27;id967;name967 
21:27;id968;name968 
21:27;id969;name969 
21:27;id970;name970 
21:27;id971;name971 
21:27;id972;name972 
21:27;id973;name973 
21:27;id974;name974 
21:27;id975;name975 
21:27;id976;name976 
21:27;id977;name977 
21:27;id978;name978 
21:27;id979;name979 
21:27;id980;name980 
21:27;id981;name981 
21:27;id982;name982 
21:27;id983;name983 
21:27;id984;name984 
21:27;id985;name985 
21:27;id986;name986 
21:27;id987;name987 
21:27;id988;name988 
21:27;id989;name989 
21:27;id990;name990 
21:27;id991;name991 
21:27;id992;name992 
21:27;id993;name993 
21:27;id994;name994 
21:27;id995;name995 
21:27;id996;name996 
21:27;id997;name997 
21:27;id998;name998 
21:27;id999;name999 
